station_key,station_name,operator,energy_consumed_kwh_sum,energy_consumed_kwh_mean,charging_duration_hours_mean,charging_rate_kw_mean,sessions_count,popular_vehicle_model,peak_time_of_day,peak_day_of_week,latitude,longitude,city,state,address,charging_types,amenities,stations_within_2km
ather grid bandra west,Ather Grid - Bandra West,Ather,41.15701391,41.15701391,0.89,46.12968887,1,TATA Tiago,Morning,Friday,19.0618,72.833,Mumbai,Maharashtra,"Linking Road, Opp National College, Bandra West, Mumbai",DC 25kW,Street Parking,2
ather grid hiranandani,Ather Grid - Hiranandani,Ather,213.12059449,71.04019816333333,4.036666666666666,18.24725944,3,TATA Tiago,Evening,Friday,19.1206,72.9188,Mumbai,Maharashtra,"Hiranandani Gardens, Powai, Mumbai",DC Fast 25kW,Parking,5
ather grid sewri,Ather Grid - Sewri,Ather,21.13404478,21.13404478,0.65,32.2920457,1,Hyundai Kona,Night,Sunday,18.9959,72.8532,Mumbai,Maharashtra,"Next to VRL Logistics, Ashok Gardens, PD’Mello Rd, Sewri West, Mumbai 400033",DC Fast 25kW,"Parking, App Connect",3
atum charge borivali,ATUM Charge - Borivali,ATUM,110.37153298999999,55.185766494999996,2.51,30.206715,2,TATA Curvv,Afternoon,Friday,19.2298,72.8606,Mumbai,Maharashtra,"Borivali West, Mumbai","AC 7.4kW, DC 25kW",Parking,3
atum charge ghatkopar,ATUM Charge - Ghatkopar,ATUM,48.50288659,48.50288659,1.11,43.60970746,1,Hyundai Kona,Night,Monday,19.0852,72.9114,Mumbai,Maharashtra,"Ghatkopar East, Mumbai","AC 7.4kW, DC 25kW",Parking,3
atum charge malad,ATUM Charge (Malad),ATUM,53.9569817,53.9569817,3.02,17.87474459,1,TATA Tiago,Night,Monday,19.1876,72.8436,Mumbai,Maharashtra,"95, Malad, Viaykar Vadi, Malad West, Mumbai 400064","AC 7.4kW, DC 25kW",Parking,5
atum charge mulund,ATUM Charge - Mulund,ATUM,60.71234573,60.71234573,1.67,36.38918057,1,TATA Tiago,Evening,Tuesday,19.1721,72.9568,Mumbai,Maharashtra,"Mulund West, Mumbai","AC 7.4kW, DC 25kW",Parking,4
atum charge panvel,ATUM Charge - Panvel,ATUM,60.58245969,30.291229845,3.3299999999999996,15.940902203499999,2,MG Comet,Night,Saturday,18.9897,73.1145,Mumbai,Maharashtra,"Opp Panvel Station, Raigad","AC 7.4kW, DC 25kW",Parking,4
atum charge santacruz,ATUM Charge - Santacruz,ATUM,139.30529151000002,46.435097170000006,3.456666666666667,24.033225461333334,3,TATA Tiago,Evening,Monday,19.0815,72.8367,Mumbai,Maharashtra,"Santacruz West, Next to Railway Station, Mumbai","AC 7.4kW, DC 25kW",Parking,2
blue tokai coffee,Blue Tokai Coffee,,158.028401,39.50710025,1.7875,28.6957024825,4,TATA Tiago,Afternoon,Sunday,18.989356,72.825234,Mumbai,Maharashtra,"Unit 20-22, Laxmi Woollen Mill, Opposite Blue Loft, Dr E Moses Marg, Off, Shakti Mills Ln, Mahalakshmi, Mumbai",,,6
bmc parking runwal greens,BMC Parking Runwal Greens,,61.9271036,61.9271036,2.45,25.27459826,1,TATA Curvv,Morning,Wednesday,19.1593952,72.945112,Mumbai,Maharashtra,"Nahur West, Industrial Area, Bhandup West, Mumbai, Maharashtra",,,6
brookfield powai,"Brookfield, Powai",,153.90313752,38.47578438,1.4925000000000002,34.5233684075,4,TATA Curvv,Morning,Monday,19.11637,72.91086,Mumbai,Maharashtra,"Spectra, High St, Hiranandani Gardens, Powai, Mumbai, Maharashtra 400076",,,3
carnival cinemas imax,Carnival Cinemas Imax,,151.94777409,75.973887045,2.585,30.556107179999998,2,TATA Tiago,Morning,Monday,19.0313299,72.8809653,Mumbai,Maharashtra,"Carnival Cinemas Imax, Anik Wadala Link Rd, Bhakti Park, Wadala, Mumbai, Maharashtra ,Worli",,,4
charge zone,Charge Zone,,166.67944262,55.559814206666665,2.69,23.277280703333332,3,TATA Tiago,Evening,Monday,19.133659,72.900817,Mumbai,Maharashtra,"MH | Mumbai | The Westin Mumbai Powai Lake,The Westin Mumbai Powai Lake Kailash Nagar, Morarji Nagar, Powai, Mumbai, Maharashtra 400076",,,2
chargeanddrive juhu,ChargeAndDrive - Juhu,Fortum,135.88154577,45.29384859,1.1199999999999999,38.448172,3,MG Comet,Evening,Thursday,19.0977,72.8271,Mumbai,Maharashtra,"Juhu Tara Rd, Near Juhu Beach, Mumbai","AC 22kW, DC 60kW","Parking, RFID",2
chargezone ambernath,ChargeZone - Ambernath,ChargeZone,36.86213999,36.86213999,1.41,26.18518786,1,MG Comet,Evening,Friday,19.186,73.1891,Mumbai,Maharashtra,"Ambernath Station, Thane","AC 22kW, DC 50kW","Parking, UPI",0
chargezone chembur,ChargeZone - Chembur,ChargeZone,78.64289917,78.64289917,2.26,34.823951,1,TATA Tiago,Afternoon,Wednesday,19.0549,72.9038,Mumbai,Maharashtra,"Chembur Station East, Mumbai","AC 22kW, DC 50kW","Parking, Mall Access",4
chargezone dahisar,ChargeZone - Dahisar,ChargeZone,124.873987465,41.624662488333335,1.2933333333333332,37.65392366,3,TATA Nexon,Afternoon,Sunday,19.2505,72.8591,Mumbai,Maharashtra,"Dahisar East Station, Mumbai","AC 22kW, DC 50kW","Parking, Mall Access",4
chargezone mulund,ChargeZone - Mulund,ChargeZone,68.56767861,68.56767861,4.16,16.475471,1,TATA Curvv,Afternoon,Saturday,19.1726,72.9532,Mumbai,Maharashtra,"LBS Marg, Near Mulund Station, Mulund West, Mumbai","AC 22kW, DC 50kW",Parking,5
chargezone vashi,ChargeZone - Vashi,ChargeZone,11.48343149,11.48343149,0.53,21.47990189,1,MG Comet,Night,Friday,19.0708,72.9991,Mumbai,Maharashtra,"Vashi Station East, Navi Mumbai","AC 22kW, DC 50kW",Parking,0
chargezone versova,ChargeZone - Versova,ChargeZone,72.65221058,36.32610529,1.8599999999999999,25.747189944,2,TATA Tiago,Afternoon,Monday,19.137,72.8261,Mumbai,Maharashtra,"Versova Metro Station, Andheri West, Mumbai","AC 22kW, DC 50kW",Parking,4
dock malad,EV Dock - Malad,EV Dock,79.00225971,79.00225971,2.93,26.97742286,1,Hyundai Kona,Night,Friday,19.1787,72.8446,Mumbai,Maharashtra,"G-603/604, Vasari Hill Rd, Malad, Sunder Nagar, Goregaon West, Mumbai","AC 11kW, DC 60kW","RFID, UPI, Parking",6
dock mira road,EV Dock - Mira Road,EV Dock,42.74479257,42.74479257,1.06,40.2059876,1,MG Comet,Evening,Saturday,19.291,72.8511,Mumbai,Maharashtra,"Mira Road East, Thane","AC 11kW, DC 60kW",Parking,0
evershine mall,Evershine Mall Charging Station,,113.69810206,56.84905103,1.495,38.777646579999995,2,TATA Curvv,Evening,Wednesday,19.1798,72.8361,Mumbai,Maharashtra,"Chincholi Bunder Road, New Link Rd, Malad West, Mumbai, Maharashtra 400064",,,5
evteq borivali,EVteQ - Borivali,EVteQ,27.60438468,27.60438468,2.46,11.23853863,1,TATA Nexon,Morning,Wednesday,19.2365,72.8552,Mumbai,Maharashtra,"Borivali East, Mumbai","AC 7.4kW, DC 15kW",Parking,4
evteq kandivali,EVteQ - Kandivali,EVteQ,78.69341922,78.69341922,2.15,36.56255637,1,TATA Tiago,Evening,Tuesday,19.2104,72.8572,Mumbai,Maharashtra,"Kandivali East, Next to Railway Station, Mumbai","AC 7.4kW, DC 15kW",Parking,1
evteq malad,EVteQ - Malad,EVteQ,90.23550358,90.23550358,18.64,4.841450613,1,TATA Curvv,Afternoon,Saturday,19.1851,72.8388,Mumbai,Maharashtra,"Malad West, Mumbai","AC 7.4kW, DC 15kW",Parking,4
evteq sakinaka,EVteQ - Sakinaka,EVteQ,139.667496744,34.916874186,1.4224999999999999,31.828351105,4,TATA Curvv,Afternoon,Saturday,19.102,72.8872,Mumbai,Maharashtra,"Sakinaka Junction, Andheri East, Mumbai","AC 7.4kW, DC 15kW",Parking,3
evteq vikhroli,EVteQ - Vikhroli,EVteQ,33.47231506,33.47231506,0.77,43.48176399,1,TATA Tiago,Afternoon,Wednesday,19.0984,72.9262,Mumbai,Maharashtra,"Vikhroli East, Mumbai","AC 7.4kW, DC 15kW",Parking,2
fortum lower parel,Fortum - Lower Parel,Fortum,125.889893075,41.96329769166667,1.1733333333333333,31.34531767,3,TATA Tiago,Evening,Wednesday,19.0012,72.8281,Mumbai,Maharashtra,"World Trade Centre One, Lower Parel, Mumbai","AC 22kW, DC 50kW",Office Parking,13
fortum powai plaza,Fortum - Powai Plaza,Fortum,72.753281236,36.376640618,1.185,24.24534707,2,TATA Tiago,Evening,Monday,19.1182,72.9053,Mumbai,Maharashtra,"Powai Plaza Mall Parking, Powai, Mumbai","AC 22kW, DC 50kW",Mall Parking,5
ginger mumbai andheri east,"Ginger Mumbai, Andheri East",,20.46478094,20.46478094,1.1,18.59949061,1,TATA Curvv,Morning,Wednesday,19.11599,72.85018,Mumbai,Maharashtra,"Teli - Gali Road, Andheri (East), Mumbai - 400069",,,2
godrej one vikhroli,"Godrej One, Vikhroli",,39.73385255,39.73385255,1.86,21.39560578,1,TATA Curvv,Morning,Tuesday,19.0925655,72.9223514,Mumbai,Maharashtra,"4 Wheeler Parking area Godrej One Pirojshanagar, Eastern Express Highway, Vikhroli u00e2u0080u0093 East, Mumbai u00e2u0080u0093 400079",,,5
hare krishna mahindra mulund west,"Hare Krishna Mahindra, Mulund West",,131.29581545,65.647907725,3.115,29.023056565,2,TATA Nexon,Morning,Friday,19.163979,72.938751,Mumbai,Maharashtra,"Building, Plot 1, Udyog Kshtra, Mulund Goregaon Link Rd, near D Mart Mulund, Salpa Devi Pada, Mulund West, Mumbai, Maharashtra 400080",,,5
hotel redwings castle,HOTEL REDWINGS CASTLE,,84.94649049,42.473245245,2.7800000000000002,17.392143035,2,TATA Nexon,Morning,Thursday,18.99453515,73.11513242,Mumbai,Maharashtra,"Near to Orion Mall/ New Panvel Bridge, Old, Mumbai - Pune Expy,",,,4
hotel suba galaxy andheri east,"Hotel Suba Galaxy, Andheri East",,47.31460938,47.31460938,4.66,10.16337295,1,TATA Nexon,Afternoon,Sunday,19.1142415,72.8518766,Mumbai,Maharashtra,"NS Phadake Marg, Opp Teli galli,Near Eastern expres Highway, Andheri East Mumbai 400069u00c2u00a0",,,3
hotel yogi midtown,Hotel Yogi Midtown,,65.04979561,65.04979561,2.88,22.55945181,1,TATA Nexon,Night,Saturday,19.0640261,73.01971543,Mumbai,Maharashtra,"Plot No DX 12,Thane - Belapur Road D' Zone Bonsari, Village, TTC Industrial Area, Turbhe, Navi Mumbai, Maharashtra ,Thane",,,3
hp super service,HP Super Service DC Charging Station,,100.64966853600001,33.549889512,3.39,22.211559509,3,TATA Nexon,Morning,Sunday,18.9285,72.8255,Mumbai,Maharashtra,"157, Jeevan Bima Marg, Backbay Reclamation, Churchgate, Mumbai, Maharashtra 400020, India",,,4
inderjit cars andheri west,"Inderjit Cars, Andheri West",,102.015604388,34.00520146266667,5.11,6.8733339996666665,3,Hyundai Kona,Night,Friday,19.14207,72.83241,Mumbai,Maharashtra,"1059/1060, Adarsh nagar, near infinity mall, Off New Link Road, Andheri West, Mumbai, Maharashtra 400053",,,4
iocl coco prabhadevi,"IOCL - COCO, Prabhadevi",,12.92754529,12.92754529,0.53,24.21115012,1,TATA Tiago,Afternoon,Monday,19.018857,72.831076,Mumbai,Maharashtra,"Plot No, P. N. 1207, CADELL RD. MUMBAI, PRABHADEVI CADEL RD., MUMBAI - 400022",,,10
iocl kini causway bandra,"IOCL Kini Causway, Bandra",,128.1089633,42.702987766666666,4.03,16.619142095,3,TATA Curvv,Morning,Saturday,19.051601,72.838011,Mumbai,Maharashtra,"36, SV Rd, Santosh Nagar, Bandra West, Mumbai, Maharashtra 400050",,,2
jio bp pulse bhandup,Jio-bp Pulse - Bhandup,Jio-bp Pulse,12.35040612,12.35040612,0.28,44.04764539,1,TATA Curvv,Night,Wednesday,19.1485,72.9358,Mumbai,Maharashtra,"Neptune Magnet Mall, LBS Marg, Bhandup West, Mumbai","AC 22kW, DC 60kW",Mall Parking,4
jio bp pulse goregaon west,Jio-bp Pulse - Goregaon West,Jio-bp Pulse,42.51736092,42.51736092,1.07,39.91263736,1,TATA Curvv,Morning,Saturday,19.1643,72.8346,Mumbai,Maharashtra,"Inorbit Mall, Goregaon West, Mumbai","AC 22kW, DC 60kW",Mall Parking,3
jio bp pulse kolshet,Jio-bp Pulse - Kolshet,Jio-bp Pulse,54.466609489999996,27.233304744999998,0.71,38.999552005,2,MG Comet,Afternoon,Wednesday,19.2587,72.9773,Mumbai,Maharashtra,"Kolshet Road, Thane West","AC 22kW, DC 60kW",Street Parking,0
jio bp pulse napean sea road,Jio-bp Pulse - Napean Sea Road,Jio-bp Pulse,84.93855993,42.469279965,1.5350000000000001,27.652705685,2,Hyundai Kona,Morning,Saturday,18.9636,72.8019,Mumbai,Maharashtra,"Priyadarshini Park, Mumbai","AC 22kW, DC 60kW",Public Parking,3
k star chembur,K Star Chembur,,124.36360916999999,62.181804584999995,3.3899999999999997,19.337245175,2,TATA Tiago,Afternoon,Wednesday,19.05231631,72.90163581,Mumbai,Maharashtra,"VN Purav Marg Diamond Garden, Basant Garden, Chembur Mumbai, Maharashtra,Chembur",,,4
kabra metro one,Kabra Metro One,,55.30273056,55.30273056,1.48,37.34746081,1,TATA Tiago,Morning,Thursday,19.13030121,72.82229723,Mumbai,Maharashtra,"14, JP Rd, Aram Nagar, Seven Bunglow, Andheri West",,,3
kazam andheri west,Kazam - Andheri West,Kazam,109.24945174999999,36.416483916666664,0.9466666666666667,37.925194616666666,3,TATA Curvv,Evening,Tuesday,19.1372,72.8276,Mumbai,Maharashtra,"Near Infiniti Mall, Andheri West, Mumbai","AC 7.4kW, DC 15kW",Parking,4
kazam kharghar,Kazam - Kharghar,Kazam,41.47936113,20.739680565,0.63,34.232187175,2,TATA Curvv,Night,Tuesday,19.0533,73.0571,Mumbai,Maharashtra,"Near Kharghar Station, Navi Mumbai","AC 3.3kW, DC 15kW",Parking,1
kazam kurla,Kazam - Kurla,Kazam,72.08924277,72.08924277,9.62,7.494575511,1,TATA Nexon,Night,Friday,19.0731,72.8828,Mumbai,Maharashtra,"Nehru Nagar, Near Kurla Station, Mumbai","AC 3.3kW, DC 15kW",Parking,5
kazam parel,Kazam - Parel,Kazam,45.0685333,45.0685333,1.1,41.03311514,1,Hyundai Kona,Night,Sunday,19.0094,72.8394,Mumbai,Maharashtra,"Dr Ambedkar Rd, Parel, Mumbai","AC 3.3kW, DC 15kW",Parking,10
kazam thane,Kazam - Thane,Kazam,168.95018977,56.316729923333334,3.1133333333333333,23.247830170666663,3,TATA Curvv,Morning,Thursday,19.1866,72.9728,Mumbai,Maharashtra,"Eastern Express Hwy, Near Viviana Mall, Thane, Mumbai","AC 7.4kW, DC 22kW",Parking,2
kazam vasai,Kazam - Vasai,Kazam,28.80292498,28.80292498,0.63,45.51884431,1,TATA Curvv,Night,Friday,19.3919,72.833,Mumbai,Maharashtra,"Vasai West, Palghar","AC 3.3kW, DC 15kW",Parking,0
kohinoor altissimo residential tower,Kohinoor Altissimo Residential Tower,,75.52338507,75.52338507,3.03,24.8909192,1,MG Comet,Afternoon,Monday,19.0246,72.8402,Mumbai,Maharashtra,"Kohinoor Altissimo Residential Tower, Kohinoor Altissimo, Kasaravadi, Dadar, Mumbai, Maharashtra 400028",,,10
kohinoor mcgm parking,Kohinoor MCGM parking,,127.25288563999999,42.41762854666666,2.11,29.93146772333333,3,TATA Tiago,Evening,Friday,19.02460889,72.84282021,Mumbai,Maharashtra,"Kohinoor Square, Kasaravadi, Dadar, Mumbai, Maharashtra",,,11
lifeon industries,Lifeon Industries,,34.68483914,17.34241957,0.4,40.557834064999994,2,TATA Curvv,Morning,Tuesday,19.06895357,73.02251015,Mumbai,Maharashtra,"D298, TTC Industrial area, turbhe",,,3
lodha florenza,Lodha Florenza,,56.06879095,56.06879095,1.99,28.16853365,1,MG Comet,Afternoon,Monday,19.15381142,72.85579572,Mumbai,Maharashtra,"On Western Express Highway, adjacent to Hub Mall, Cama Industrial Estate, Goregaon, Mumbai, Maharashtra ,Goregaon",,,0
lodha venezia cpl,Lodha Venezia CPL,,33.39817876,33.39817876,2.32,14.42092922,1,TATA Nexon,Morning,Tuesday,18.9917205,72.841513,Mumbai,Maharashtra,"GD Ambekar Marg, Lal Baug, Parel, Mumbai, Maharashtra",,,10
magenta chargegrid bandra kurla complex 2,Magenta ChargeGrid - Bandra Kurla Complex 2,Magenta,77.12500791,77.12500791,1.96,39.42909617,1,TATA Curvv,Morning,Friday,19.058,72.8675,Mumbai,Maharashtra,"Maker Maxity, BKC, Mumbai","AC 7.4kW, DC 15kW",Corporate Parking,5
magenta chargegrid bhandup,Magenta ChargeGrid - Bhandup,Magenta,82.34119491999999,41.170597459999996,1.12,38.29083051,2,TATA Nexon,Evening,Friday,19.1547,72.9346,Mumbai,Maharashtra,"LBS Marg, Near Bhandup Station, Mumbai","AC 7.4kW, DC 15kW",Parking,3
magenta chargegrid bhayandar,Magenta ChargeGrid - Bhayandar,Magenta,71.48050343,23.826834476666665,1.0933333333333335,26.15100938333333,3,TATA Tiago,Night,Monday,19.3134,72.8476,Mumbai,Maharashtra,"Bhayandar West Station Parking, Mumbai",AC 7.4kW,Public Parking,0
magenta chargegrid breach candy,Magenta ChargeGrid - Breach Candy,Magenta,68.82528251,68.82528251,4.06,16.93561005,1,TATA Tiago,Afternoon,Monday,18.9677,72.8055,Mumbai,Maharashtra,"Breach Candy Hospital Complex, Mumbai","AC 7.4kW, DC 15kW",Hospital Parking,4
magenta chargegrid chembur,Magenta ChargeGrid - Chembur,Magenta,10.18500019,10.18500019,0.34,29.83066536,1,MG Comet,Evening,Monday,19.0546,72.9047,Mumbai,Maharashtra,"RB Mehta Marg, Chembur East, Mumbai","AC 7.4kW, DC 15kW",Parking,4
magenta chargegrid chembur diamond garden,Magenta ChargeGrid - Chembur Diamond Garden,Magenta,66.17491556,66.17491556,16.16,4.096052506,1,Hyundai Kona,Night,Wednesday,19.0458,72.8991,Mumbai,Maharashtra,"Diamond Garden, Chembur, Mumbai",AC 7.4kW,Park Parking,6
magenta chargegrid cst,Magenta ChargeGrid - CST,Magenta,26.44403312,26.44403312,0.98,27.1214299,1,TATA Curvv,Morning,Sunday,18.9398,72.8354,Mumbai,Maharashtra,"Chhatrapati Shivaji Maharaj Terminus Parking, Fort, Mumbai","AC 7.4kW, DC 15kW",Public Parking,2
magenta chargegrid ghatkopar,Magenta ChargeGrid - Ghatkopar,Magenta,52.47892804,26.23946402,0.77,36.2788579,2,TATA Curvv,Night,Monday,19.0864,72.9085,Mumbai,Maharashtra,"Near Ghatkopar Metro Station, Ghatkopar West, Mumbai","AC 7.4kW, DC 15kW",Parking,3
magenta chargegrid kalyan,Magenta ChargeGrid - Kalyan,Magenta,61.11752874,61.11752874,2.15,28.40157855,1,MG Comet,Night,Sunday,19.2403,73.1258,Mumbai,Maharashtra,"Kalyan West, Kalyan, Thane","AC 7.4kW, DC 15kW",Parking,2
magenta chargegrid kalyan east,Magenta ChargeGrid - Kalyan East,Magenta,72.71574853,72.71574853,2.25,32.25343212,1,TATA Curvv,Afternoon,Monday,19.2402,73.1362,Mumbai,Maharashtra,"Kalyan East Bus Depot, Thane",AC 7.4kW,Depot Parking,2
magenta chargegrid kamothe,Magenta ChargeGrid - Kamothe,Magenta,65.48719596,65.48719596,1.74,37.57728956,1,TATA Tiago,Evening,Thursday,19.016,73.0949,Mumbai,Maharashtra,"Kamothe Bus Depot, Navi Mumbai",AC 7.4kW,Bus Depot Parking,1
magenta chargegrid mahalaxmi,Magenta ChargeGrid - Mahalaxmi,Magenta,38.36041213,38.36041213,1.0,38.34376389,1,MG Comet,Night,Tuesday,18.9938,72.8237,Mumbai,Maharashtra,"Mahalaxmi Race Course, Mumbai","AC 7.4kW, DC 15kW",Parking,8
magenta chargegrid malad,Magenta ChargeGrid - Malad,Magenta,69.28636088500001,34.643180442500004,0.96,30.493581130000003,2,TATA Tiago,Night,Tuesday,19.1736,72.8352,Mumbai,Maharashtra,"Next to Infinity Mall, New Link Rd, Malad West, Mumbai","AC 7.4kW, DC 15kW",Parking,5
magenta chargegrid mansarovar,Magenta ChargeGrid - Mansarovar,Magenta,15.5583755,15.5583755,0.35,44.45073085,1,TATA Nexon,Morning,Monday,19.0121,73.055,Mumbai,Maharashtra,"Mansarovar Railway Station, Navi Mumbai",AC 7.4kW,Station Parking,0
magenta chargegrid mumbra,Magenta ChargeGrid - Mumbra,Magenta,63.98527915,31.992639575,3.0549999999999997,17.6502572965,2,TATA Nexon,Afternoon,Tuesday,19.1808,72.9836,Mumbai,Maharashtra,"Near Mumbra Station, Thane","AC 7.4kW, DC 15kW",Parking,2
magenta chargegrid oshiwara,Magenta ChargeGrid - Oshiwara,Magenta,12.04931971,12.04931971,0.41,29.46894436,1,TATA Tiago,Night,Saturday,19.1441,72.8366,Mumbai,Maharashtra,"Oshiwara Police Station Lane, Andheri West, Mumbai","AC 7.4kW, DC 15kW",Public Parking,3
magenta chargegrid prabhadevi,Magenta ChargeGrid - Prabhadevi,Magenta,21.81937874,21.81937874,,26.50712322,1,TATA Nexon,Evening,Monday,19.0155,72.8275,Mumbai,Maharashtra,"Century Bazaar, Prabhadevi, Mumbai","AC 7.4kW, DC 15kW",Street Parking,12
magenta chargegrid taloja,Magenta ChargeGrid - Taloja,Magenta,34.07799973,34.07799973,2.71,12.59762021,1,Hyundai Kona,Night,Monday,19.0378,73.1318,Mumbai,Maharashtra,"Taloja MIDC, Navi Mumbai","AC 7.4kW, DC 15kW",Parking,0
magenta chargegrid trombay,Magenta ChargeGrid - Trombay,Magenta,111.40568791000001,37.13522930333334,1.23,32.09440591,3,TATA Tiago,Night,Saturday,19.037,72.9235,Mumbai,Maharashtra,"Anushakti Nagar, Trombay, Mumbai","AC 7.4kW, DC 15kW",Public Parking,1
magenta chargegrid wadala,Magenta ChargeGrid - Wadala,Magenta,43.4665651,43.4665651,1.87,23.22301592,1,Hyundai Kona,Evening,Friday,19.0188,72.8571,Mumbai,Maharashtra,"Wadala Truck Terminal, Mumbai","AC 7.4kW, DC 15kW",Transport Hub,8
magenta chargegrid worli,Magenta ChargeGrid - Worli,Magenta,121.12626799,60.563133995,5.375,22.1539134255,2,MG Comet,Afternoon,Thursday,19.0085,72.8153,Mumbai,Maharashtra,"Atria Mall, Dr Annie Besant Rd, Worli, Mumbai","AC 7.4kW, DC 15kW",Mall Parking,7
magenta house mumbai,Magenta House - Mumbai,,69.16916706,69.16916706,12.45,5.557358509,1,Hyundai Kona,Afternoon,Wednesday,19.06870454,73.02298692,Mumbai,Maharashtra,"TTC Industrial Area, MIDC Industrial Area, Sanpada, Navi Mumbai",,,3
magenta parel,Magenta Charging Station (Parel),Magenta,40.25719688,40.25719688,2.24,17.94739459,1,Hyundai Kona,Afternoon,Friday,19.0079,72.8425,Mumbai,Maharashtra,"Station Rd, Parel East, Parel, Mumbai 400014","AC 7.4kW, DC 15kW",Parking,13
magenta ttc turbhe,"Magenta TTC, Turbhe",,31.73575031,31.73575031,2.85,11.12987276,1,Hyundai Kona,Evening,Wednesday,19.0685788,73.022744,Mumbai,Maharashtra,"Magenta House, D-285, TTC Industrial Area, nTurbhe, Near Unitech Motors, Navi Mumbai, Maharashtra",,,3
mahanagar gas limited wadala,"Mahanagar Gas Limited, Wadala",,47.7140959,47.7140959,,26.50712322,1,TATA Curvv,Night,Wednesday,19.0472567,72.8783829,Mumbai,Maharashtra,"MGL Terminal, opposite Anik Depot, Wadala, Mumbai, Maharashtra 400022",,,3
masstech controls pvt ltd,Masstech controls Pvt ltd,,60.0274488,30.0137244,4.3500000000000005,10.5434648545,2,TATA Nexon,Night,Monday,19.17674569,72.94574801,Mumbai,Maharashtra,"2/7 Meghal Industrial Estate, Devidayal Road, Mulund West, Mumbai, Maharashtra 400080",,,5
mcgm parking club aquaria,MCGM Parking || Club Aquaria,,162.21875756,54.07291918666667,2.893333333333333,23.63942455333333,3,MG Comet,Evening,Wednesday,19.2402364,72.8481819,Mumbai,Maharashtra,"Devidas Lane, Shanti Ashram Borivali West, Near St.Lawrence High School, Mumbai, Maharashtra ,Borivali",,,4
mcgm parking runwal anthurium,MCGM Parking || Runwal Anthurium,,66.79490106,33.39745053,4.475,11.393098603499999,2,MG Comet,Evening,Thursday,19.18066617,72.94684724,Mumbai,Maharashtra,"Runwal Anthurium Rd, opposite Veena Nagar, Vardhman Nagar, Mulund West",,,3
mh mumbai powai hiranandani gardens,MH|MUMBAI|POWAI#HIRANANDANI GARDENS,,118.26281193,39.42093731,0.7366666666666667,64.44678619,3,TATA Nexon,Morning,Sunday,19.11999443,72.9141036,Mumbai,Maharashtra,"TECHNOLOGY ST,HIRANANADANI GARDENS,SAINATH NAGAR,POWAI,MUMBAI,MAHARASHTARA 400076",,,3
moiz apartments,Moiz Apartments,Tata Power,47.76784734,47.76784734,1.45,32.99434153,1,MG Comet,Night,Thursday,19.0737,72.857,Mumbai,Maharashtra,"12th Road, Above Upadhyaya Nursing Home, Santacruz East, Mumbai, Maharashtra","AC 7.4kW, DC 25kW",Parking,2
nathani heights mumbai central,"Nathani Heights, Mumbai Central",,78.9796422,39.4898211,1.0550000000000002,37.195819485,2,TATA Nexon,Evening,Thursday,18.9688627,72.8207138,Mumbai,Maharashtra,"Junction of Bellasis Road and Dr D.B. Marg , Mumbai Central, Mumbai 400008",,,5
oberoi mall goregaon,"Oberoi Mall, Goregaon",,183.6876797,61.22922656666666,3.37,25.183892283333332,3,TATA Tiago,Night,Thursday,19.1737611,72.8600172,Mumbai,Maharashtra,"Western Express Hwy, Yashodham, Goregaon, Mumbai, Maharashtra 400063",,,1
phoenix market city,Phoenix Market City Charging Station,ChargeZone,36.70152016,36.70152016,1.92,19.12193264,1,TATA Curvv,Evening,Sunday,19.0751,72.8893,Mumbai,Maharashtra,"Entrance Gate 3, Phoenix Market City, Lal Bahadur Shastri Rd, Kurla West, Mumbai","AC 22kW, DC 25kW","Mall Amenities, Parking",4
point juhu,EV Point - Juhu,EV Point,79.45782399,79.45782399,2.42,32.88286976,1,Hyundai Kona,Evening,Saturday,19.0994,72.8269,Mumbai,Maharashtra,"Juhu Tara Rd, Near Juhu Beach, Mumbai, Maharashtra","AC 11kW, DC 22kW",Parking,2
point navi mumbai,EV Point - Navi Mumbai,EV Point,49.53480946,49.53480946,1.18,42.13698966,1,Hyundai Kona,Night,Sunday,19.0337,73.0204,Mumbai,Maharashtra,"Plot 1, Sector 21, Nerul, Navi Mumbai","AC 11kW, DC 22kW",Parking,1
statiq andheri east,Statiq - Andheri East,Statiq,68.21954378000001,34.109771890000005,4.7,13.9784404175,2,Hyundai Kona,Evening,Monday,19.1146,72.8696,Mumbai,Maharashtra,"Andheri East Metro Station, Mumbai","AC 11kW, DC 50kW",Parking,6
statiq bandra kurla complex,Statiq - Bandra Kurla Complex,Statiq,140.48734097,46.829113656666664,1.8800000000000001,27.850211113,3,TATA Tiago,Night,Friday,19.0588,72.8703,Mumbai,Maharashtra,"Next to Bharat Diamond Bourse, BKC, Mumbai","AC 11kW, DC 45kW",Parking,6
statiq ghatkopar,Statiq - Ghatkopar,Statiq,62.6627378,31.3313689,3.6900000000000004,9.8925880285,2,TATA Tiago,Night,Sunday,19.0836,72.9136,Mumbai,Maharashtra,"Ghatkopar East, Mumbai","AC 11kW, DC 60kW",Parking,3
statiq kanjurmarg,Statiq - Kanjurmarg,Statiq,118.8974904,118.8974904,12.8,9.2864977,1,TATA Nexon,Night,Monday,19.1341,72.9297,Mumbai,Maharashtra,"Kanjurmarg East Station, Mumbai","AC 11kW, DC 50kW",Parking,2
statiq kharghar central park,Statiq - Kharghar Central Park,Statiq,64.60983161,64.60983161,16.19,3.991359551,1,Hyundai Kona,Morning,Wednesday,19.0418,73.0634,Mumbai,Maharashtra,"Central Park Parking, Kharghar, Navi Mumbai","AC 22kW, DC 60kW",Park Parking,1
statiq kurla nehru nagar,Statiq - Kurla Nehru Nagar,Statiq,21.0022301,21.0022301,0.8,26.23272288,1,TATA Nexon,Night,Friday,19.072,72.8821,Mumbai,Maharashtra,"Nehru Nagar Bus Stand, Kurla East, Mumbai","AC 11kW, DC 60kW",Public Parking,6
statiq marol naka,Statiq - Marol Naka,Statiq,126.719268283,42.23975609433334,5.876666666666668,32.668742735,3,TATA Tiago,Night,Monday,19.109,72.8771,Mumbai,Maharashtra,"Marol Naka Metro Station, Mumbai","AC 22kW, DC 60kW",Metro Parking,5
statiq navi mumbai,Statiq - Navi Mumbai,Statiq,115.94808892,57.97404446,3.4850000000000003,23.30072588,2,Hyundai Kona,Morning,Friday,19.0387,73.0222,Mumbai,Maharashtra,"Seawoods Station, Navi Mumbai","AC 11kW, DC 50kW",Parking,1
statiq palava city,Statiq - Palava City,Statiq,37.42669941,37.42669941,2.2,16.98014038,1,TATA Tiago,Afternoon,Tuesday,19.2263,73.0965,Mumbai,Maharashtra,"Lodha Xperia Mall, Palava City, Dombivli","AC 22kW, DC 60kW",Mall Parking,1
statiq panvel,Statiq - Panvel,Statiq,145.98387584,48.661291946666665,1.8766666666666667,28.075246871333334,3,TATA Tiago,Evening,Thursday,18.9892,73.117,Mumbai,Maharashtra,"Orion Mall, Panvel","AC 22kW, DC 50kW",Mall Parking,4
statiq parel,Statiq - Parel,Statiq,162.64705179,54.215683930000004,2.5766666666666667,23.883254253333334,3,TATA Curvv,Morning,Sunday,19.0029,72.824,Mumbai,Maharashtra,"Phoenix Mills Compound, Lower Parel, Mumbai","AC 11kW, DC 60kW",Mall Parking,11
statiq santacruz,Statiq - Santacruz,Statiq,32.755298878,16.377649439,1.24,14.285737860000001,2,Hyundai Kona,Night,Sunday,19.0803,72.8365,Mumbai,Maharashtra,"Santacruz West, Near Railway Station, Mumbai","AC 11kW, DC 60kW",Parking,2
statiq ulhasnagar,Statiq - Ulhasnagar,Statiq,60.291060838,30.145530419,1.625,15.68846335,2,TATA Tiago,Morning,Monday,19.2336,73.1353,Mumbai,Maharashtra,"Ulhasnagar Station, Mumbai Region","AC 11kW, DC 60kW",Parking,2
tata power,Tata Power,,499.052843484,49.9052843484,2.6877777777777774,25.679683959,11,TATA Tiago,Evening,Friday,19.0302,72.8927,Mumbai,Maharashtra,"Anik Depot, Municipal Kamgar Vasahat, Trombay Industrial Area, Chembur, Mumbai",DC 25kW,"Parking, App Connect",3
tata power,Tata Power Charging Station,Tata Power,75.40700954,75.40700954,4.25,17.72970872,11,TATA Tiago,Evening,Friday,19.0302,72.8927,Mumbai,Maharashtra,"Anik Depot, Municipal Kamgar Vasahat, Trombay Industrial Area, Chembur, Mumbai",DC 25kW,"Parking, App Connect",3
tata power airoli,Tata Power - Airoli,Tata Power,69.71594631,69.71594631,6.93,10.06309377,1,TATA Nexon,Evening,Saturday,19.164,72.9948,Mumbai,Maharashtra,"Reliable Plaza, Airoli, Navi Mumbai","AC 22kW, DC 50kW",Mall Parking,0
tata power antop hill,Tata Power - Antop Hill,Tata Power,49.73870005,49.73870005,1.51,32.86836958,1,TATA Curvv,Night,Wednesday,19.0165,72.8605,Mumbai,Maharashtra,"Antop Hill Post Office, Mumbai","AC 11kW, DC 25kW",Street Parking,4
tata power ballard estate,Tata Power - Ballard Estate,Tata Power,27.04710323,27.04710323,5.98,4.521631542,1,TATA Curvv,Afternoon,Monday,18.9451,72.8354,Mumbai,Maharashtra,"Ballard Estate Parking Lot, Fort, Mumbai","AC 11kW, DC 25kW",Public Parking,1
tata power bkc substation,Tata Power - BKC Substation,Tata Power,15.27366667,15.27366667,2.84,5.37038419,1,TATA Tiago,Night,Friday,19.0585,72.8557,Mumbai,Maharashtra,"Near Asian Heart Hospital, Opp Bharat Diamond Bourse, Bandra East, Mumbai, MH 400051","AC 3.3kW, DC 25kW","Parking, App Connect",4
tata power borivali west,Tata Power - Borivali West,Tata Power,8.115370261,8.115370261,,26.50712322,1,MG Comet,Evening,Saturday,19.233,72.8552,Mumbai,Maharashtra,"Indraprastha Mall, Borivali West, Mumbai","AC 11kW, DC 25kW",Mall Parking,4
tata power byculla,Tata Power - Byculla,Tata Power,61.63104966,61.63104966,3.02,20.39119229,1,MG Comet,Night,Wednesday,18.9788,72.8337,Mumbai,Maharashtra,"Rani Baug Entrance, Byculla East, Mumbai",AC 11kW,On-street Parking,5
tata power chakala,Tata Power - Chakala,Tata Power,36.137269,36.137269,0.99,36.37707579,1,Hyundai Kona,Night,Sunday,19.1088,72.8535,Mumbai,Maharashtra,"Chakala Metro Station, Mumbai",AC 11kW,Metro Parking,3
tata power chembur,Tata Power - Chembur,Tata Power,62.25705814999999,31.128529074999996,0.975,34.049707850000004,2,Hyundai Kona,Afternoon,Wednesday,19.0455,72.8996,Mumbai,Maharashtra,"Next to Diamond Garden, Chembur, Mumbai",AC 11kW,Parking,6
tata power colaba,Tata Power - Colaba,Tata Power,24.40113304,24.40113304,0.78,31.11524448,1,TATA Curvv,Afternoon,Tuesday,18.9216,72.8326,Mumbai,Maharashtra,"Colaba Causeway, Near Regal Cinema, Mumbai",AC 11kW,Street Parking,3
tata power cotton green,Tata Power - Cotton Green,Tata Power,40.40178309,20.200891545,0.84,31.189122175,2,TATA Curvv,Night,Friday,18.991,72.8485,Mumbai,Maharashtra,"Cotton Green Railyard, Mumbai",AC 11kW,Station Parking,3
tata power dadar east,Tata Power - Dadar East,Tata Power,7.275443511,7.275443511,0.35,21.06032431,1,Hyundai Kona,Night,Saturday,19.0202,72.8447,Mumbai,Maharashtra,"Mujawar Pakhadi Rd, Dadar East, Mumbai","AC 11kW, DC 25kW",Parking,11
tata power dharavi colony,"Tata Power, Dharavi Colony",,59.90446094,19.968153646666668,1.803333333333333,19.122856028666664,3,MG Comet,Morning,Tuesday,19.034402,72.85284,Mumbai,Maharashtra,"Tata Power Dharavi Colony labour camp dharavi ,Matunga ,Mumbai 400019",,,7
tata power dombivli,Tata Power - Dombivli,Tata Power,123.19582462,61.59791231,,26.50712322,2,TATA Nexon,Morning,Friday,19.2188,73.0935,Mumbai,Maharashtra,"Dombivli East Railway Parking, Thane",AC 11kW,RTO Parking,2
tata power gateway of india,Tata Power - Gateway of India,Tata Power,98.18852471,32.72950823666667,10.216666666666667,18.84383125733333,3,Hyundai Kona,Evening,Friday,18.9218,72.8347,Mumbai,Maharashtra,"Apollo Bunder Road, Colaba, Mumbai",AC 11kW,Tourist Parking,3
tata power juhu vile parle,Tata Power - Juhu Vile Parle,Tata Power,73.09045077,73.09045077,2.41,30.38880381,1,TATA Tiago,Morning,Tuesday,19.097,72.8261,Mumbai,Maharashtra,"Juhu Beach Gate 3, Mumbai","AC 22kW, DC 25kW",Beach Parking,2
tata power kandivali west,Tata Power - Kandivali West,Tata Power,64.41904929,64.41904929,2.62,24.62165118,1,TATA Nexon,Evening,Friday,19.2053,72.8444,Mumbai,Maharashtra,"Raghuleela Mega Mall, Kandivali West, Mumbai","AC 22kW, DC 50kW",Mall Parking,2
tata power kapasi chsl,Tata Power - Kapasi CHSL,Tata Power,75.65384517999999,37.826922589999995,1.865,20.218992465,2,Hyundai Kona,Night,Monday,18.965,72.8098,Mumbai,Maharashtra,"4/5, Enterprise Apartment, Forjet Hill Rd, Tardeo, Mumbai","AC 3.3kW, AC 22kW, DC 60kW","Smart App Charging, Parking",5
tata power khandeshwar,Tata Power - Khandeshwar,Tata Power,115.43764121,57.718820605,2.435,34.49484278,2,TATA Nexon,Evening,Tuesday,19.0028,73.1076,Mumbai,Maharashtra,"Khandeshwar Railway Station, Navi Mumbai",AC 11kW,Station Parking,5
tata power khar west,Tata Power - Khar West,Tata Power,93.28669152,46.64334576,1.3599999999999999,37.236242515,2,TATA Nexon,Morning,Monday,19.0756,72.8322,Mumbai,Maharashtra,"Khar Danda Road, Mumbai",AC 11kW,Public Parking,3
tata power kurla lbs,Tata Power - Kurla LBS,Tata Power,69.42235104,69.42235104,7.02,9.889820742,1,TATA Nexon,Evening,Monday,19.0702,72.881,Mumbai,Maharashtra,"LBS Marg, Kurla West, Mumbai",AC 11kW,Street Parking,7
tata power mahalaxmi west,Tata Power - Mahalaxmi West,Tata Power,65.18392769,65.18392769,1.69,38.57770533,1,TATA Curvv,Night,Saturday,18.994,72.8231,Mumbai,Maharashtra,"Shree Simandhar Towers, Mahalaxmi West, Mumbai","AC 11kW, DC 25kW",Residential Parking,7
tata power mahanagar gas,Tata Power - Mahanagar Gas,Tata Power,62.20847707,31.104238535,1.0150000000000001,33.662821785,2,TATA Tiago,Morning,Wednesday,19.0281,72.8647,Mumbai,Maharashtra,"MGL Terminal, Opposite Anik Depot, Wadala, Mumbai",DC 25kW,"Parking, App Connect",5
tata power mankhurd,Tata Power - Mankhurd,Tata Power,61.11752874,61.11752874,1.64,37.24649566,1,TATA Nexon,Evening,Monday,19.0498,72.9317,Mumbai,Maharashtra,"Mankhurd Railway Station, Mumbai",AC 11kW,Station Parking,1
tata power nariman point,Tata Power - Nariman Point,Tata Power,67.45124177,67.45124177,1.5,45.01922284,1,MG Comet,Evening,Friday,18.9255,72.8234,Mumbai,Maharashtra,"CR2 Mall Parking, Nariman Point, Mumbai, MH 400021","AC 22kW, DC 25kW","Mall Parking, App Connect",3
tata power new panvel,Tata Power - New Panvel,Tata Power,21.27074191,21.27074191,0.53,40.17685077,1,Hyundai Kona,Morning,Saturday,18.9907,73.1195,Mumbai,Maharashtra,"Panvel Railway Station East, Navi Mumbai","AC 11kW, DC 25kW",Station Parking,4
tata power opera house,Tata Power - Opera House,Tata Power,58.456492850000004,29.228246425000002,1.2850000000000001,23.822741715,2,TATA Curvv,Night,Friday,18.9545,72.8189,Mumbai,Maharashtra,"Charni Road East, Mumbai",AC 11kW,Street Parking,3
tata power palava,Tata Power - Palava,Tata Power,65.43101691,65.43101691,3.23,20.27269894,1,MG Comet,Night,Sunday,19.2081,73.1041,Mumbai,Maharashtra,"Near Palava City, Dombivli East","AC 11kW, DC 25kW",Parking,1
tata power taloja,Tata Power - Taloja Station,Tata Power,63.62653233,63.62653233,6.37,9.986771923,1,TATA Nexon,Afternoon,Sunday,19.0494,73.1166,Mumbai,Maharashtra,"Taloja Panchanand Station, Navi Mumbai",AC 11kW,Station Parking,1
tata power thane west,Tata Power - Thane West,Tata Power,52.90446367,52.90446367,3.4,15.57205559,1,MG Comet,Night,Saturday,19.1915,72.972,Mumbai,Maharashtra,"Thane West Station, Thane","AC 11kW, DC 25kW",Parking,2
tata power tilak nagar,Tata Power - Tilak Nagar,Tata Power,122.27200515,61.136002575,2.36,29.67576312,2,TATA Curvv,Morning,Thursday,19.0734,72.8892,Mumbai,Maharashtra,"Tilak Nagar Railway Station, Mumbai",AC 11kW,Station Parking,4
tata power vikhroli,Tata Power - Vikhroli,Tata Power,173.76010223999998,57.92003407999999,2.05,31.87006693666667,3,TATA Nexon,Evening,Sunday,19.106,72.9286,Mumbai,Maharashtra,"Near Vikhroli Station East, Mumbai","AC 11kW, DC 25kW",Parking,3
trimurti petroleum panvel,"Trimurti Petroleum, Panvel",,53.923558888,26.961779444,2.145,29.286008245,2,Hyundai Kona,Evening,Monday,18.9563188,73.1626506,Mumbai,Maharashtra,"GUT NO.151/2, VILLAGE - AJIVALI, TALUKA - PANVEL, RAIGAD, AJIVALI, 410216",,,0
vasant oasis,Vasant oasis,,150.27214763,50.09071587666667,1.7300000000000002,30.32288719,3,MG Comet,Morning,Tuesday,19.1146146,72.8840941,Mumbai,Maharashtra,"Borosil Plot,off, Makwana Rd, Marol, Andheri East, Mumbai, Maharashtra",,,6
volltic pcs04,Volltic PCS04,,62.42036137,62.42036137,2.09,29.9083034,1,Hyundai Kona,Night,Thursday,19.12012455,72.88724762,Mumbai,Maharashtra,"Gala No14 A, KBM compound, military road, raje shivaji nagar, marol, andheri east, 400072",,,6
voltapoint,VoltaPoint Charging Station,VoltaPoint,49.43856017,24.719280085,1.93,23.483744045,2,TATA Nexon,Morning,Saturday,19.0161,72.828,Mumbai,Maharashtra,"527, Building No-2, SRA Cooperative Society, Prabhadevi, near Ahuja Towers, Mumbai","AC 11kW, DC 30kW",Parking,12
voltapoint dahisar,VoltaPoint - Dahisar,VoltaPoint,83.45776887,41.728884435,1.475,33.958801385,2,Hyundai Kona,Night,Tuesday,19.2567,72.8572,Mumbai,Maharashtra,"Dahisar Check Naka Parking, Mumbai","AC 11kW, DC 30kW",Public Parking,1
voltapoint kalamboli highway,VoltaPoint - Kalamboli Highway,VoltaPoint,85.03985431,85.03985431,3.18,26.7265968,1,TATA Nexon,Evening,Sunday,19.0543,73.1153,Mumbai,Maharashtra,"Kalamboli Steel Market Junction, Navi Mumbai","AC 11kW, DC 30kW",Highway Parking,1
voltapoint parel,VoltaPoint - Parel,VoltaPoint,57.72437946,57.72437946,12.87,4.485647105,1,MG Comet,Afternoon,Friday,19.0094,72.8394,Mumbai,Maharashtra,"Dr Ambedkar Rd, Parel, Mumbai","AC 11kW, DC 30kW",Parking,10
volttic bkc,Volttic - BKC,Volttic,29.34959504,29.34959504,0.97,30.32389572,1,TATA Curvv,Morning,Tuesday,19.0658,72.8687,Mumbai,Maharashtra,"Bandra Kurla Complex, Bandra East, Mumbai",DC Fast 25kW,"Parking, App Connect",7
volttic ghansoli,Volttic - Ghansoli,Volttic,67.17701749,33.588508745,1.48,22.72673073,2,Hyundai Kona,Afternoon,Wednesday,19.1339,73.0011,Mumbai,Maharashtra,"Ghansoli Station East, Navi Mumbai",DC 25kW,Public Parking,0
volttic marol,Volttic Charging - Marol,Volttic,26.58671022,26.58671022,1.09,24.45076324,1,MG Comet,Afternoon,Tuesday,19.1112,72.874,Mumbai,Maharashtra,"Marol Naka Metro Station, Andheri East, Mumbai",DC Fast 25kW,Parking,5
volttic mini,Volttic Mini Charging,Volttic,6.443672289,6.443672289,0.43,14.99241844,1,TATA Tiago,Night,Tuesday,19.1265,72.8874,Mumbai,Maharashtra,"Saki Vihar Rd, Near Saki Naka Metro, Andheri East, Mumbai",AC 7kW,Parking,3
volttic mumbai central,Volttic - Mumbai Central,Volttic,46.61987333,46.61987333,6.31,7.388686338,1,TATA Nexon,Morning,Friday,18.9692,72.8195,Mumbai,Maharashtra,"Mumbai Central Station Parking, Mumbai",DC 25kW,Station Parking,6
volttic sion,Volttic - Sion,Volttic,46.195137,46.195137,0.96,47.87752356,1,Hyundai Kona,Afternoon,Sunday,19.032,72.8597,Mumbai,Maharashtra,"Sion East, Near Sion Hospital, Mumbai",DC Fast 25kW,Parking,5
volttic worli sea face,Volttic - Worli Sea Face,Volttic,6.337534265,6.337534265,1.47,4.315961671,1,Hyundai Kona,Morning,Wednesday,19.0053,72.8157,Mumbai,Maharashtra,"Worli Sea Face Promenade, Worli, Mumbai",DC Fast 25kW,Public Parking,7
xavier institute of engineering,Xavier Institute of Engineering,,52.952969339,26.4764846695,1.0799999999999998,31.278524075,2,TATA Nexon,Night,Friday,19.04520829,72.84154175,Mumbai,Maharashtra,"Opposite S.L.Raheja Hospital, Mahim Causeway, Mahim (West), Raheja Hospital Marg, Mumbai, Maharashtra",,,2
